test_file,seed,pearson,spearman
test/gretz_test_no_common_topics.txt,10,0.48597220823789467,0.4292733216259916
test/swanson_test.txt,10,0.6408068482033741,0.6287735219634993
test/ukprank_test.txt,10,0.2623255725126768,0.49535305458901907
test/toledo_test.txt,10,0.39605308367503705,0.3867187559206542
test/gretz_test_no_common_topics.txt,42,0.48960472995291565,0.4329181235089853
test/swanson_test.txt,42,0.6370080014202383,0.6287081740177887
test/ukprank_test.txt,42,0.2802734895125985,0.46393500433925833
test/toledo_test.txt,42,0.39894455410000595,0.3802850518172801
