test_file,seed,pearson,spearman
test/gretz_test_no_common_topics.txt,10,0.4710216992341868,0.4279059441705653
test/swanson_test.txt,10,0.4784135284913716,0.47634317178899693
test/ukprank_test.txt,10,0.27138680808523014,0.5166881026656008
test/toledo_test.txt,10,0.3665017099493402,0.34857437684944237
test/gretz_test_no_common_topics.txt,42,0.4685383566152137,0.4216053058592519
test/swanson_test.txt,42,0.436512274885369,0.44969112197389716
test/ukprank_test.txt,42,0.26552052908952634,0.5018120211985049
test/toledo_test.txt,42,0.40927879336607575,0.4104429484762712
