test_file,seed,pearson,spearman
test/gretz_test_no_common_topics.txt,10,0.20686236268564961,0.14644568628306495
test/swanson_test.txt,10,0.589033157404471,0.5815142740574302
test/ukprank_test.txt,10,0.37515422615373084,0.5284369921543486
test/toledo_test.txt,10,0.3655576647387428,0.347547146782517
test/gretz_test_no_common_topics.txt,42,0.21997898293674903,0.16292358723025965
test/swanson_test.txt,42,0.5418869761353492,0.5288394585296513
test/ukprank_test.txt,42,0.3909740152144489,0.5696457836447326
test/toledo_test.txt,42,0.31891715228129036,0.32299055205318017
