test_file,seed,pearson,spearman
test/gretz_test_no_common_topics.txt,10,0.523838269417576,0.48046785631541755
test/swanson_test.txt,10,0.629388152364653,0.6239784495141474
test/ukprank_test.txt,10,0.49702735038016693,0.7329027405704662
test/toledo_test.txt,10,0.35916819025838237,0.35669480343824184
test/gretz_test_no_common_topics.txt,42,0.5196971277530358,0.47763664061651334
test/swanson_test.txt,42,0.6330745324839585,0.6256871135280473
test/ukprank_test.txt,42,0.5182260778952295,0.7363806456678816
test/toledo_test.txt,42,0.3484094224758673,0.3409205630648696
