model_id,seed,avg_train_loss,avg_val_loss,avg_test_loss,gretz_pearson,toledo_pearson,ukp_pearson,swanson_pearson,avg_pearson
STLAS_only_toledo_randomized,6914,0.024432379566133023,0.03794960092220988,0,0.3906659740709992,0.419589375693957,0.24419669120356718,0.16866756297041025,0.3057799009847334
STLAS_only_toledo_randomized,6213,0.02228697877791193,0.038475684144280174,0,0.407558883577601,0.3605209651207369,0.25094777851235117,0.38402201414896203,0.35076241033991273
